{
  "dependencies": {
    "apis1": {
      "resourceId": "/subscriptions/[parameters('subscriptionId')]/resourceGroups/[parameters('resourceGroupName')]/providers/Microsoft.ApiManagement/service/asgformapi/apis/asgform",
      "type": "apis.azure"
    },
    "mssql1": {
      "serviceConnectorResourceId": "/subscriptions/[parameters('subscriptionId')]/resourcegroups/[parameters('resourceGroupName')]/providers/Microsoft.Web/sites/asgform20230727093515/providers/Microsoft.ServiceLinker/linkers/ConnectionStrings_BB8D580E16",
      "secretStore": "AzureAppSettings",
      "resourceId": "/subscriptions/[parameters('subscriptionId')]/resourcegroups/[parameters('resourceGroupName')]/providers/Microsoft.Sql/servers/asg-formdbserver/databases/asg_form_db",
      "type": "mssql.azure",
      "connectionId": "ConnectionStrings",
      "dynamicId": null
    }
  }
}